{"episode_lengths": [1000], "initial_reset_timestamp": 1617209538.672171, "episode_types": ["t"], "timestamps": [1617209556.003786], "episode_rewards": [843.607975426604]}