{"timestamps": [1617297579.510598], "initial_reset_timestamp": 1617297564.989595, "episode_lengths": [1000], "episode_rewards": [2493.8947339410465], "episode_types": ["t"]}