{"episode_types": ["t"], "episode_rewards": [2734.0185506119637], "timestamps": [1617492897.492211], "initial_reset_timestamp": 1617492885.337095, "episode_lengths": [1000]}